com.objectmentors.predicate.IGreaterThan;com.objectmentors.predicate.EvaluationNotPossibleException
com.objectmentors.predicate.IGreaterThan;com.objectmentors.predicate.IPredicate
com.objectmentors.predicate.ILessThan;com.objectmentors.predicate.EvaluationNotPossibleException
com.objectmentors.predicate.ILessThan;com.objectmentors.predicate.IPredicate
com.objectmentors.state.EndState;com.objectmentors.patterns.ISingleton
com.objectmentors.state.EndState;com.objectmentors.patterns.SingletonConstructionException
com.objectmentors.state.EndState;com.objectmentors.state.IState
com.objectmentors.state.ICompoundState;com.objectmentors.state.IState
com.objectmentors.state.ICompoundState;com.objectmentors.state.IStateMachine
com.objectmentors.state.ICompoundState;com.objectmentors.state.IStateMachineContainer
com.objectmentors.state.IGuardCondition;com.objectmentors.predicate.IPredicate
com.objectmentors.state.IStateMachine;com.objectmentors.state.IState
com.objectmentors.state.IStateMachineContainer;com.objectmentors.state.IState
com.objectmentors.state.IStateMachineContainer;com.objectmentors.state.InvalidMethodInStateException
com.objectmentors.state.IntegerGreaterThanGuardCondition;com.objectmentors.state.Event
com.objectmentors.state.IntegerGreaterThanGuardCondition;com.objectmentors.state.IGuardCondition
com.objectmentors.state.StartState;com.objectmentors.patterns.ISingleton
com.objectmentors.state.StartState;com.objectmentors.patterns.SingletonConstructionException
com.objectmentors.state.StartState;com.objectmentors.state.IState
com.objectmentors.state.StateMachine;com.objectmentors.state.Event
com.objectmentors.state.StateMachine;com.objectmentors.state.IState
com.objectmentors.state.StateMachine;com.objectmentors.state.IStateMachine
com.objectmentors.state.StateMachine;com.objectmentors.state.NonDeterministicException
com.objectmentors.state.StateMachine;com.objectmentors.state.StartState
com.objectmentors.state.StateMachine;com.objectmentors.state.StateMachineNotCompleteException
com.objectmentors.state.StateMachine;com.objectmentors.state.Transition
com.objectmentors.state.StringMatchesGuardCondition;com.objectmentors.state.Event
com.objectmentors.state.StringMatchesGuardCondition;com.objectmentors.state.IGuardCondition
com.objectmentors.state.Transition;com.objectmentors.predicate.IPredicate
com.objectmentors.state.Transition;com.objectmentors.state.Event
com.objectmentors.state.Transition;com.objectmentors.state.IGuardCondition
com.objectmentors.state.Transition;com.objectmentors.state.IState
