httpanalyzer.Base64Transformer;httpanalyzer.Base64Transformer$1
httpanalyzer.Base64Transformer;httpanalyzer.Base64Transformer$2
httpanalyzer.Base64Transformer;httpanalyzer.Base64Transformer$3
httpanalyzer.Base64Transformer;httpanalyzer.HttpAnalyzerApp
httpanalyzer.Base64Transformer$1;httpanalyzer.Base64Transformer
httpanalyzer.Base64Transformer$2;httpanalyzer.Base64Transformer
httpanalyzer.Base64Transformer$3;httpanalyzer.Base64Transformer
httpanalyzer.Base64Transformer$3;httpanalyzer.Base64Transformer$3$1
httpanalyzer.Base64Transformer$3$1;httpanalyzer.Base64Transformer$3
httpanalyzer.CryptDesDialog;httpanalyzer.CryptDesDialog$1
httpanalyzer.CryptDesDialog;httpanalyzer.CryptDesDialog$2
httpanalyzer.CryptDesDialog;httpanalyzer.CryptDesDialog$3
httpanalyzer.CryptDesDialog;httpanalyzer.CryptDesDialog$4
httpanalyzer.CryptDesDialog;httpanalyzer.HttpAnalyzerApp
httpanalyzer.CryptDesDialog;httpanalyzer.Password
httpanalyzer.CryptDesDialog$1;httpanalyzer.CryptDesDialog
httpanalyzer.CryptDesDialog$2;httpanalyzer.CryptDesDialog
httpanalyzer.CryptDesDialog$3;httpanalyzer.CryptDesDialog
httpanalyzer.CryptDesDialog$4;httpanalyzer.CryptDesDialog
httpanalyzer.CryptDesDialog$4;httpanalyzer.CryptDesDialog$4$1
httpanalyzer.CryptDesDialog$4$1;httpanalyzer.CryptDesDialog$4
httpanalyzer.HttpAnalyzerAboutBox;httpanalyzer.HttpAnalyzerApp
httpanalyzer.HttpAnalyzerApp;httpanalyzer.HttpAnalyzerView
httpanalyzer.HttpAnalyzerView;httpanalyzer.Base64Transformer
httpanalyzer.HttpAnalyzerView;httpanalyzer.CryptDesDialog
httpanalyzer.HttpAnalyzerView;httpanalyzer.HeaderSettings
httpanalyzer.HttpAnalyzerView;httpanalyzer.HttpAnalyzerAboutBox
httpanalyzer.HttpAnalyzerView;httpanalyzer.HttpAnalyzerApp
httpanalyzer.HttpAnalyzerView;httpanalyzer.HttpAnalyzerView$1
httpanalyzer.HttpAnalyzerView;httpanalyzer.HttpAnalyzerView$10
httpanalyzer.HttpAnalyzerView;httpanalyzer.HttpAnalyzerView$11
httpanalyzer.HttpAnalyzerView;httpanalyzer.HttpAnalyzerView$12
httpanalyzer.HttpAnalyzerView;httpanalyzer.HttpAnalyzerView$13
httpanalyzer.HttpAnalyzerView;httpanalyzer.HttpAnalyzerView$14
httpanalyzer.HttpAnalyzerView;httpanalyzer.HttpAnalyzerView$15
httpanalyzer.HttpAnalyzerView;httpanalyzer.HttpAnalyzerView$16
httpanalyzer.HttpAnalyzerView;httpanalyzer.HttpAnalyzerView$17
httpanalyzer.HttpAnalyzerView;httpanalyzer.HttpAnalyzerView$18
httpanalyzer.HttpAnalyzerView;httpanalyzer.HttpAnalyzerView$19
httpanalyzer.HttpAnalyzerView;httpanalyzer.HttpAnalyzerView$2
httpanalyzer.HttpAnalyzerView;httpanalyzer.HttpAnalyzerView$20
httpanalyzer.HttpAnalyzerView;httpanalyzer.HttpAnalyzerView$21
httpanalyzer.HttpAnalyzerView;httpanalyzer.HttpAnalyzerView$22
httpanalyzer.HttpAnalyzerView;httpanalyzer.HttpAnalyzerView$23
httpanalyzer.HttpAnalyzerView;httpanalyzer.HttpAnalyzerView$24
httpanalyzer.HttpAnalyzerView;httpanalyzer.HttpAnalyzerView$25
httpanalyzer.HttpAnalyzerView;httpanalyzer.HttpAnalyzerView$26
httpanalyzer.HttpAnalyzerView;httpanalyzer.HttpAnalyzerView$27
httpanalyzer.HttpAnalyzerView;httpanalyzer.HttpAnalyzerView$28
httpanalyzer.HttpAnalyzerView;httpanalyzer.HttpAnalyzerView$29
httpanalyzer.HttpAnalyzerView;httpanalyzer.HttpAnalyzerView$3
httpanalyzer.HttpAnalyzerView;httpanalyzer.HttpAnalyzerView$4
httpanalyzer.HttpAnalyzerView;httpanalyzer.HttpAnalyzerView$5
httpanalyzer.HttpAnalyzerView;httpanalyzer.HttpAnalyzerView$6
httpanalyzer.HttpAnalyzerView;httpanalyzer.HttpAnalyzerView$7
httpanalyzer.HttpAnalyzerView;httpanalyzer.HttpAnalyzerView$8
httpanalyzer.HttpAnalyzerView;httpanalyzer.HttpAnalyzerView$9
httpanalyzer.HttpAnalyzerView;httpanalyzer.HttpAnalyzerView$ClearDataPanelTask
httpanalyzer.HttpAnalyzerView;httpanalyzer.HttpAnalyzerView$ProxyAuth
httpanalyzer.HttpAnalyzerView;httpanalyzer.HttpAnalyzerView$RequestRunTask
httpanalyzer.HttpAnalyzerView;httpanalyzer.HttpFileUtils
httpanalyzer.HttpAnalyzerView;httpanalyzer.HttpPreference
httpanalyzer.HttpAnalyzerView;httpanalyzer.InitBasicParams
httpanalyzer.HttpAnalyzerView;httpanalyzer.IntelSaveDialog
httpanalyzer.HttpAnalyzerView;httpanalyzer.MD5Dialog
httpanalyzer.HttpAnalyzerView;httpanalyzer.NotesDialog
httpanalyzer.HttpAnalyzerView;httpanalyzer.ParamsUrlTools
httpanalyzer.HttpAnalyzerView;httpanalyzer.RequestParamsDialog
httpanalyzer.HttpAnalyzerView;httpanalyzer.SwingTools
httpanalyzer.HttpAnalyzerView$1;httpanalyzer.HttpAnalyzerView
httpanalyzer.HttpAnalyzerView$10;httpanalyzer.HttpAnalyzerView
httpanalyzer.HttpAnalyzerView$11;httpanalyzer.HttpAnalyzerView
httpanalyzer.HttpAnalyzerView$12;httpanalyzer.HttpAnalyzerView
httpanalyzer.HttpAnalyzerView$13;httpanalyzer.HttpAnalyzerView
httpanalyzer.HttpAnalyzerView$14;httpanalyzer.HttpAnalyzerView
httpanalyzer.HttpAnalyzerView$15;httpanalyzer.HttpAnalyzerView
httpanalyzer.HttpAnalyzerView$16;httpanalyzer.HttpAnalyzerView
httpanalyzer.HttpAnalyzerView$17;httpanalyzer.HttpAnalyzerView
httpanalyzer.HttpAnalyzerView$18;httpanalyzer.HttpAnalyzerView
httpanalyzer.HttpAnalyzerView$19;httpanalyzer.HttpAnalyzerView
httpanalyzer.HttpAnalyzerView$2;httpanalyzer.HttpAnalyzerView
httpanalyzer.HttpAnalyzerView$20;httpanalyzer.HttpAnalyzerView
httpanalyzer.HttpAnalyzerView$21;httpanalyzer.HttpAnalyzerView
httpanalyzer.HttpAnalyzerView$22;httpanalyzer.HttpAnalyzerView
httpanalyzer.HttpAnalyzerView$22;httpanalyzer.RequestParamsDialog
httpanalyzer.HttpAnalyzerView$23;httpanalyzer.HttpAnalyzerView
httpanalyzer.HttpAnalyzerView$23;httpanalyzer.RequestParamsDialog
httpanalyzer.HttpAnalyzerView$24;httpanalyzer.HttpAnalyzerView
httpanalyzer.HttpAnalyzerView$25;httpanalyzer.HttpAnalyzerView
httpanalyzer.HttpAnalyzerView$25;httpanalyzer.NotesDialog
httpanalyzer.HttpAnalyzerView$26;httpanalyzer.Base64Transformer
httpanalyzer.HttpAnalyzerView$26;httpanalyzer.HttpAnalyzerView
httpanalyzer.HttpAnalyzerView$27;httpanalyzer.HttpAnalyzerView
httpanalyzer.HttpAnalyzerView$27;httpanalyzer.MD5Dialog
httpanalyzer.HttpAnalyzerView$28;httpanalyzer.CryptDesDialog
httpanalyzer.HttpAnalyzerView$28;httpanalyzer.HttpAnalyzerView
httpanalyzer.HttpAnalyzerView$29;httpanalyzer.HttpAnalyzerView
httpanalyzer.HttpAnalyzerView$29;httpanalyzer.IntelSaveDialog
httpanalyzer.HttpAnalyzerView$3;httpanalyzer.HttpAnalyzerView
httpanalyzer.HttpAnalyzerView$4;httpanalyzer.HttpAnalyzerView
httpanalyzer.HttpAnalyzerView$5;httpanalyzer.HttpAnalyzerView
httpanalyzer.HttpAnalyzerView$6;httpanalyzer.HttpAnalyzerView
httpanalyzer.HttpAnalyzerView$7;httpanalyzer.HttpAnalyzerView
httpanalyzer.HttpAnalyzerView$8;httpanalyzer.HttpAnalyzerView
httpanalyzer.HttpAnalyzerView$9;httpanalyzer.HttpAnalyzerView
httpanalyzer.HttpAnalyzerView$ClearDataPanelTask;httpanalyzer.HttpAnalyzerView
httpanalyzer.HttpAnalyzerView$ProxyAuth;httpanalyzer.HttpAnalyzerView
httpanalyzer.HttpAnalyzerView$ProxyAuth;httpanalyzer.HttpAnalyzerView$1
httpanalyzer.HttpAnalyzerView$RequestRunTask;httpanalyzer.HeaderSettings
httpanalyzer.HttpAnalyzerView$RequestRunTask;httpanalyzer.HttpAnalyzerApp
httpanalyzer.HttpAnalyzerView$RequestRunTask;httpanalyzer.HttpAnalyzerView
httpanalyzer.HttpAnalyzerView$RequestRunTask;httpanalyzer.HttpFileUtils
httpanalyzer.HttpAnalyzerView$RequestRunTask;httpanalyzer.InitBasicParams
httpanalyzer.HttpAnalyzerView$RequestRunTask;httpanalyzer.IntelSaveDialog
httpanalyzer.HttpAnalyzerView$RequestRunTask;httpanalyzer.ParamsUrlTools
httpanalyzer.HttpAnalyzerView$RequestRunTask;httpanalyzer.SwingTools
httpanalyzer.HttpFileUtils;httpanalyzer.HttpAnalyzerView
httpanalyzer.HttpFileUtils;httpanalyzer.HttpFileUtils$1
httpanalyzer.HttpFileUtils;httpanalyzer.HttpFileUtils$MyTxtFilter
httpanalyzer.HttpFileUtils;httpanalyzer.HttpFileUtils$MyXmlFilter
httpanalyzer.HttpFileUtils;httpanalyzer.SwingTools
httpanalyzer.HttpFileUtils$MyTxtFilter;httpanalyzer.HttpFileUtils
httpanalyzer.HttpFileUtils$MyTxtFilter;httpanalyzer.HttpFileUtils$1
httpanalyzer.HttpFileUtils$MyXmlFilter;httpanalyzer.HttpFileUtils
httpanalyzer.HttpFileUtils$MyXmlFilter;httpanalyzer.HttpFileUtils$1
httpanalyzer.HttpPreference;httpanalyzer.HttpAnalyzerView
httpanalyzer.HttpPreference;httpanalyzer.HttpFileUtils
httpanalyzer.InitBasicParams;httpanalyzer.HttpAnalyzerView
httpanalyzer.IntelSaveDialog;httpanalyzer.HttpAnalyzerApp
httpanalyzer.IntelSaveDialog;httpanalyzer.IntelSaveDialog$1
httpanalyzer.IntelSaveDialog;httpanalyzer.IntelSaveDialog$2
httpanalyzer.IntelSaveDialog;httpanalyzer.IntelSaveDialog$3
httpanalyzer.IntelSaveDialog;httpanalyzer.IntelSaveDialog$4
httpanalyzer.IntelSaveDialog$1;httpanalyzer.IntelSaveDialog
httpanalyzer.IntelSaveDialog$2;httpanalyzer.IntelSaveDialog
httpanalyzer.IntelSaveDialog$3;httpanalyzer.IntelSaveDialog
httpanalyzer.IntelSaveDialog$4;httpanalyzer.IntelSaveDialog
httpanalyzer.IntelSaveDialog$4;httpanalyzer.IntelSaveDialog$4$1
httpanalyzer.IntelSaveDialog$4$1;httpanalyzer.IntelSaveDialog$4
httpanalyzer.MD5Dialog;httpanalyzer.HttpAnalyzerApp
httpanalyzer.MD5Dialog;httpanalyzer.MD5Dialog$1
httpanalyzer.MD5Dialog;httpanalyzer.MD5Dialog$2
httpanalyzer.MD5Dialog;httpanalyzer.MD5Dialog$3
httpanalyzer.MD5Dialog;httpanalyzer.MD5Dialog$4
httpanalyzer.MD5Dialog;httpanalyzer.Password
httpanalyzer.MD5Dialog$1;httpanalyzer.MD5Dialog
httpanalyzer.MD5Dialog$2;httpanalyzer.MD5Dialog
httpanalyzer.MD5Dialog$3;httpanalyzer.MD5Dialog
httpanalyzer.MD5Dialog$4;httpanalyzer.MD5Dialog
httpanalyzer.MD5Dialog$4;httpanalyzer.MD5Dialog$4$1
httpanalyzer.MD5Dialog$4$1;httpanalyzer.MD5Dialog$4
httpanalyzer.NotesDialog;httpanalyzer.HttpAnalyzerApp
httpanalyzer.NotesDialog;httpanalyzer.NotesDialog$1
httpanalyzer.NotesDialog$1;httpanalyzer.NotesDialog
httpanalyzer.NotesDialog$1;httpanalyzer.NotesDialog$1$1
httpanalyzer.NotesDialog$1$1;httpanalyzer.NotesDialog$1
httpanalyzer.ParamsUrlTools;httpanalyzer.SwingTools
httpanalyzer.Password;!defaultpackage!.B[]
httpanalyzer.RequestParamsDialog;httpanalyzer.HttpAnalyzerApp
httpanalyzer.RequestParamsDialog;httpanalyzer.ParamsUrlTools
httpanalyzer.RequestParamsDialog;httpanalyzer.RequestParamsDialog$1
httpanalyzer.RequestParamsDialog;httpanalyzer.RequestParamsDialog$2
httpanalyzer.RequestParamsDialog;httpanalyzer.RequestParamsDialog$3
httpanalyzer.RequestParamsDialog;httpanalyzer.RequestParamsDialog$4
httpanalyzer.RequestParamsDialog$1;httpanalyzer.RequestParamsDialog
httpanalyzer.RequestParamsDialog$2;httpanalyzer.RequestParamsDialog
httpanalyzer.RequestParamsDialog$3;httpanalyzer.RequestParamsDialog
httpanalyzer.RequestParamsDialog$4;httpanalyzer.RequestParamsDialog
httpanalyzer.RequestParamsDialog$4;httpanalyzer.RequestParamsDialog$4$1
httpanalyzer.RequestParamsDialog$4$1;httpanalyzer.RequestParamsDialog$4
httpanalyzer.SwingTools;httpanalyzer.HttpAnalyzerView
