de.beiri22.commandline.CommandLine;de.beiri22.commandline.Option
de.beiri22.filedp.FileDiffPatch;de.beiri22.stringincrementor.StringIncrementor
de.beiri22.filedp.FileDiffPatch;de.beiri22.stringincrementor.helper.StringFromFile
de.beiri22.filedp.FileDiffPatch;de.beiri22.stringincrementor.relativestring.RelativeString
de.beiri22.stringincrementor.StringIncrementor;de.beiri22.stringincrementor.helper.ExtBoolArray
de.beiri22.stringincrementor.StringIncrementor;de.beiri22.stringincrementor.helper.IndexedString
de.beiri22.stringincrementor.StringIncrementor;de.beiri22.stringincrementor.relativestring.RelativeString
de.beiri22.stringincrementor.StringIncrementor;de.beiri22.stringincrementor.relativestring.StringLink
de.beiri22.stringincrementor.helper.IndexedString;!defaultpackage!.I[]
de.beiri22.stringincrementor.relativestring.RelativeString;de.beiri22.stringincrementor.relativestring.StringLink
