com.jigen.ConfigFileGenerator;com.jigen.ant.Environment
com.jigen.ConfigFileGenerator;com.jigen.ant.Jigen
com.jigen.ConfigFileGenerator;com.jigen.ant.Product
com.jigen.MsiGenerator;com.jigen.MsiGenerator$InternalStatus
com.jigen.MsiGenerator;com.jigen.ant.Jigen
com.jigen.MsiGenerator;com.jigen.msi.WixGen
com.jigen.XmlReader;com.jigen.ant.Associate
com.jigen.XmlReader;com.jigen.ant.Environment
com.jigen.XmlReader;com.jigen.ant.Icon
com.jigen.XmlReader;com.jigen.ant.Java
com.jigen.XmlReader;com.jigen.ant.Jigen
com.jigen.XmlReader;com.jigen.ant.Product
com.jigen.XmlReader;com.jigen.ant.Resource
com.jigen.XmlReader;com.jigen.ant.RunnableResource
com.jigen.XmlReader;com.jigen.ant.Shortcut
com.jigen.ant.Associate;com.jigen.ant.Icon
com.jigen.ant.Jigen;com.jigen.ant.Environment
com.jigen.ant.Jigen;com.jigen.ant.Jigen$1
com.jigen.ant.Jigen;com.jigen.ant.Jigen$2
com.jigen.ant.Jigen;com.jigen.ant.Jigen$TracedActionListener
com.jigen.ant.Jigen;com.jigen.ant.Product
com.jigen.ant.Jigen;com.jigen.ant.Resource
com.jigen.ant.Jigen;com.jigen.ant.RunnableResource
com.jigen.ant.Jigen$1;com.jigen.ant.Jigen
com.jigen.ant.Jigen$1;com.jigen.ant.Jigen$TracedActionListener
com.jigen.ant.Jigen$2;com.jigen.ConfigFileGenerator
com.jigen.ant.Jigen$2;com.jigen.JarGenerator
com.jigen.ant.Jigen$2;com.jigen.MsiGenerator
com.jigen.ant.Jigen$2;com.jigen.WsfGenerator
com.jigen.ant.Jigen$2;com.jigen.ant.Jigen
com.jigen.ant.Jigen$2;com.jigen.ant.Jigen$TracedActionListener
com.jigen.ant.Jigen$2;com.jigen.ant.Product
com.jigen.ant.Resource;com.jigen.ant.Icon
com.jigen.ant.Resource;com.jigen.ant.Shortcut
com.jigen.ant.RunnableResource;com.jigen.ant.Associate
com.jigen.ant.RunnableResource;com.jigen.ant.Icon
com.jigen.ant.RunnableResource;com.jigen.ant.Java
com.jigen.ant.RunnableResource;com.jigen.ant.Shortcut
com.jigen.gui.ActionTracerDialog;com.jigen.ant.Jigen$TracedActionListener
com.jigen.gui.ActionTracerDialog;com.jigen.gui.ActionTracerDialog$1
com.jigen.gui.ActionTracerDialog;com.jigen.gui.ActionTracerDialog$2
com.jigen.gui.ActionTracerDialog;com.jigen.gui.Main
com.jigen.gui.ActionTracerDialog$1;com.jigen.gui.ActionTracerDialog
com.jigen.gui.ActionTracerDialog$2;com.jigen.gui.ActionTracerDialog
com.jigen.gui.ErrorDetailsDialog;com.jigen.gui.ErrorDetailsDialog$1
com.jigen.gui.ErrorDetailsDialog$1;com.jigen.gui.ErrorDetailsDialog
com.jigen.gui.JLink;com.jigen.gui.JLink$1
com.jigen.gui.JLink;com.jigen.gui.JLink$2
com.jigen.gui.JLink;com.jigen.gui.JLink$3
com.jigen.gui.JLink$1;com.jigen.gui.JLink
com.jigen.gui.JLink$2;com.jigen.gui.JLink
com.jigen.gui.JLink$3;com.jigen.gui.JLink
com.jigen.gui.Main;com.jigen.gui.ActionTracerDialog
com.jigen.gui.Main;com.jigen.gui.Main$1
com.jigen.gui.Main;com.jigen.gui.Main$2
com.jigen.gui.Main;com.jigen.gui.VisualEditorPanel
com.jigen.gui.Main;com.jigen.gui.XmlEditorPanel
com.jigen.gui.Main$1;com.jigen.gui.ErrorDetailsDialog
com.jigen.gui.Main$1;com.jigen.gui.InvalidJigenException
com.jigen.gui.Main$1;com.jigen.gui.Main
com.jigen.gui.Main$1;com.jigen.gui.VisualEditorPanel
com.jigen.gui.Main$1;com.jigen.gui.XmlEditorPanel
com.jigen.gui.Main$2;com.jigen.XmlReader
com.jigen.gui.Main$2;com.jigen.ant.Jigen
com.jigen.gui.Main$2;com.jigen.ant.Jigen$TracedActionListener
com.jigen.gui.Main$2;com.jigen.gui.ActionTracerDialog
com.jigen.gui.Main$2;com.jigen.gui.InvalidJigenException
com.jigen.gui.Main$2;com.jigen.gui.Main
com.jigen.gui.Main$2;com.jigen.gui.VisualEditorPanel
com.jigen.gui.Main$2;com.jigen.gui.XmlEditorPanel
com.jigen.gui.ProductPanel;com.jigen.gui.JLink
com.jigen.gui.Resource;com.jigen.gui.ResourcePanel
com.jigen.gui.ResourcesPanel;com.jigen.gui.BorderListPanelGenerator
com.jigen.gui.VisualEditorPanel;com.jigen.XmlReader
com.jigen.gui.VisualEditorPanel;com.jigen.gui.EnvironmentPanel
com.jigen.gui.VisualEditorPanel;com.jigen.gui.InvalidJigenException
com.jigen.gui.VisualEditorPanel;com.jigen.gui.ProductPanel
com.jigen.gui.VisualEditorPanel;com.jigen.gui.ResourcesPanel
com.jigen.gui.XmlEditorPanel;com.jigen.gui.InvalidJigenException
com.jigen.gui.XmlEditorPanel;com.jigen.gui.Main
com.jigen.gui.XmlEditorPanel;com.jigen.gui.XmlEditorPanel$1
com.jigen.gui.XmlEditorPanel;com.jigen.gui.XmlEditorPanel$2
com.jigen.gui.XmlEditorPanel;com.jigen.gui.XmlEditorPanel$3
com.jigen.gui.XmlEditorPanel;com.jigen.gui.XmlEditorPanel$4
com.jigen.gui.XmlEditorPanel;com.jigen.gui.XmlEditorPanel$5
com.jigen.gui.XmlEditorPanel;com.jigen.gui.XmlEditorPanel$6
com.jigen.gui.XmlEditorPanel;com.jigen.gui.XmlEditorPanel$7
com.jigen.gui.XmlEditorPanel$1;com.jigen.gui.XmlEditorPanel
com.jigen.gui.XmlEditorPanel$2;com.jigen.gui.XmlEditorPanel
com.jigen.gui.XmlEditorPanel$3;com.jigen.gui.Main
com.jigen.gui.XmlEditorPanel$3;com.jigen.gui.XmlEditorPanel
com.jigen.gui.XmlEditorPanel$4;com.jigen.gui.Main
com.jigen.gui.XmlEditorPanel$4;com.jigen.gui.XmlEditorPanel
com.jigen.gui.XmlEditorPanel$5;com.jigen.gui.Main
com.jigen.gui.XmlEditorPanel$5;com.jigen.gui.XmlEditorPanel
com.jigen.gui.XmlEditorPanel$6;com.jigen.gui.XmlEditorPanel
com.jigen.gui.XmlEditorPanel$7;com.jigen.gui.XmlEditorPanel
com.jigen.msi.AbstractResourceDescriptor;com.jigen.msi.ResourceDescriptor
com.jigen.msi.AbstractResourceDescriptor;com.jigen.msi.ShortcutDescriptor
com.jigen.msi.AssociationDescriptor;com.jigen.ant.Associate
com.jigen.msi.AssociationDescriptor;com.jigen.ant.Icon
com.jigen.msi.AssociationDescriptor;com.jigen.msi.ResourceDescriptor
com.jigen.msi.AssociationDescriptor;com.jigen.msi.RunnableResourceDescriptor
com.jigen.msi.AssociationDescriptor;com.jigen.msi.WixGen
com.jigen.msi.JavaRunnableResourceDescriptor;com.jigen.ant.Java
com.jigen.msi.JavaRunnableResourceDescriptor;com.jigen.ant.RunnableResource
com.jigen.msi.JavaRunnableResourceDescriptor;com.jigen.msi.JavaRunnableResourceDescriptor$JavaRunnableType
com.jigen.msi.JavaRunnableResourceDescriptor;com.jigen.msi.ResourceDescriptor
com.jigen.msi.JavaRunnableResourceDescriptor;com.jigen.msi.RunnableResourceDescriptor
com.jigen.msi.JavaRunnableResourceDescriptor;com.jigen.msi.RunnablesManager$RunnableType
com.jigen.msi.JavaRunnableResourceDescriptor;com.jigen.msi.WixGen
com.jigen.msi.ResourceDescriptor;com.jigen.ant.Icon
com.jigen.msi.ResourceDescriptor;com.jigen.ant.Resource
com.jigen.msi.ResourceDescriptor;com.jigen.ant.Shortcut
com.jigen.msi.ResourceDescriptor;com.jigen.msi.AbstractResourceDescriptor
com.jigen.msi.ResourceDescriptor;com.jigen.msi.ShortcutDescriptor
com.jigen.msi.ResourceDescriptor;com.jigen.msi.WixGen
com.jigen.msi.ResourcesDirectory;com.jigen.msi.ResourceDescriptor
com.jigen.msi.RunnableResourceDescriptor;com.jigen.ant.Associate
com.jigen.msi.RunnableResourceDescriptor;com.jigen.ant.Icon
com.jigen.msi.RunnableResourceDescriptor;com.jigen.ant.RunnableResource
com.jigen.msi.RunnableResourceDescriptor;com.jigen.ant.Shortcut
com.jigen.msi.RunnableResourceDescriptor;com.jigen.msi.AbstractResourceDescriptor
com.jigen.msi.RunnableResourceDescriptor;com.jigen.msi.AssociationDescriptor
com.jigen.msi.RunnableResourceDescriptor;com.jigen.msi.RunnablesManager$RunnableType
com.jigen.msi.RunnableResourceDescriptor;com.jigen.msi.ShortcutDescriptor
com.jigen.msi.RunnableResourceDescriptor;com.jigen.msi.WixGen
com.jigen.msi.RunnablesManager;com.jigen.ant.RunnableResource
com.jigen.msi.RunnablesManager;com.jigen.msi.JavaRunnableResourceDescriptor
com.jigen.msi.RunnablesManager;com.jigen.msi.JavaRunnableResourceDescriptor$JavaRunnableType
com.jigen.msi.RunnablesManager;com.jigen.msi.ResourceDescriptor
com.jigen.msi.RunnablesManager;com.jigen.msi.RunnableResourceDescriptor
com.jigen.msi.RunnablesManager;com.jigen.msi.RunnablesManager$RunnableType
com.jigen.msi.RunnablesManager;com.jigen.msi.WixGen
com.jigen.msi.RunnablesManager$RunnableType;com.jigen.ant.RunnableResource
com.jigen.msi.RunnablesManager$RunnableType;com.jigen.msi.JavaRunnableResourceDescriptor
com.jigen.msi.RunnablesManager$RunnableType;com.jigen.msi.RunnableResourceDescriptor
com.jigen.msi.RunnablesManager$RunnableType;com.jigen.msi.WixGen
com.jigen.msi.ShortcutDescriptor;com.jigen.ant.Icon
com.jigen.msi.ShortcutDescriptor;com.jigen.ant.Shortcut
com.jigen.msi.ShortcutDescriptor;com.jigen.msi.ShortcutDescriptor$ShortcutLocation
com.jigen.msi.ShortcutDescriptor;com.jigen.msi.WixGen
com.jigen.msi.WixGen;com.jigen.ant.Environment
com.jigen.msi.WixGen;com.jigen.ant.Jigen
com.jigen.msi.WixGen;com.jigen.ant.Product
com.jigen.msi.WixGen;com.jigen.ant.Resource
com.jigen.msi.WixGen;com.jigen.ant.RunnableResource
com.jigen.msi.WixGen;com.jigen.msi.AssociationDescriptor
com.jigen.msi.WixGen;com.jigen.msi.ResourceDescriptor
com.jigen.msi.WixGen;com.jigen.msi.ResourcesDirectory
com.jigen.msi.WixGen;com.jigen.msi.RunnableResourceDescriptor
com.jigen.msi.WixGen;com.jigen.msi.RunnablesManager
com.jigen.msi.WixGen;com.jigen.msi.ShortcutDescriptor
com.jigen.msi.WixGen;com.jigen.msi.ShortcutDescriptor$ShortcutLocation
com.jix.Main;com.jix.JixException
com.jix.Main;com.jix.gui.ErrorDetailsDialog
com.jix.Main;com.jix.gui.InstallationWizard
com.jix.gui.ErrorDetailsDialog;com.jix.JixException
com.jix.gui.ErrorDetailsDialog;com.jix.gui.ErrorDetailsDialog$1
com.jix.gui.ErrorDetailsDialog$1;com.jix.gui.ErrorDetailsDialog
com.jix.gui.ExtensionsAssociationsPanel;com.jix.JixException
com.jix.gui.ExtensionsAssociationsPanel;com.wix.gui.utils.JAdvancedPanel
com.jix.gui.ExtensionsAssociationsPanel;com.wix.gui.utils.Translator
com.jix.gui.InstallProgressPanel;com.jix.JixException
com.jix.gui.InstallProgressPanel;com.jix.gui.InstallProgressPanel$1
com.jix.gui.InstallProgressPanel;com.jix.gui.InstallationWizard
com.jix.gui.InstallProgressPanel;com.wix.gui.utils.JAdvancedPanel
com.jix.gui.InstallProgressPanel;com.wix.gui.utils.Translator
com.jix.gui.InstallProgressPanel;com.wix.gui.utils.ValidationEvent
com.jix.gui.InstallProgressPanel$1;com.jix.JixException
com.jix.gui.InstallProgressPanel$1;com.jix.gui.ErrorDetailsDialog
com.jix.gui.InstallProgressPanel$1;com.jix.gui.InstallProgressPanel
com.jix.gui.InstallProgressPanel$1;com.jix.gui.InstallProgressPanel$2
com.jix.gui.InstallProgressPanel$1;com.jix.gui.InstallProgressPanel$3
com.jix.gui.InstallProgressPanel$1;com.jix.gui.InstallationWizard
com.jix.gui.InstallProgressPanel$1;com.jix.installer.UnixInstallerExec
com.jix.gui.InstallProgressPanel$1;com.jix.installer.WindowsInstallerExec
com.jix.gui.InstallProgressPanel$1;com.wix.gui.utils.JAdvancedPanel
com.jix.gui.InstallProgressPanel$1;com.wix.gui.utils.Translator
com.jix.gui.InstallProgressPanel$1;com.wix.gui.utils.ValidationEvent
com.jix.gui.InstallProgressPanel$2;com.jix.gui.InstallProgressPanel
com.jix.gui.InstallProgressPanel$2;com.jix.gui.InstallProgressPanel$1
com.jix.gui.InstallProgressPanel$3;com.jix.JixException
com.jix.gui.InstallProgressPanel$3;com.jix.gui.ErrorDetailsDialog
com.jix.gui.InstallProgressPanel$3;com.jix.gui.InstallProgressPanel$1
com.jix.gui.InstallationWizard;com.jix.JixException
com.jix.gui.InstallationWizard;com.jix.gui.ExtensionsAssociationsPanel
com.jix.gui.InstallationWizard;com.jix.gui.InstallProgressPanel
com.jix.gui.InstallationWizard;com.jix.gui.LicensePanel
com.jix.gui.InstallationWizard;com.jix.gui.OtherOptionsPanel
com.jix.gui.InstallationWizard;com.jix.gui.PresentationPanel
com.jix.gui.InstallationWizard;com.jix.gui.SelectInstallFolderPanel
com.jix.gui.InstallationWizard;com.jix.gui.SelectJavaPanel
com.jix.gui.InstallationWizard;com.wix.gui.utils.JAdvancedDialog
com.jix.gui.InstallationWizard;com.wix.gui.utils.JAdvancedPanel
com.jix.gui.InstallationWizard;com.wix.gui.utils.Translator
com.jix.gui.JavaChooser;com.jix.JixException
com.jix.gui.JavaChooser;com.jix.gui.InstallationWizard
com.jix.gui.LicensePanel;com.jix.JixException
com.jix.gui.LicensePanel;com.jix.gui.LicensePanel$1
com.jix.gui.LicensePanel;com.wix.gui.utils.JAdvancedPanel
com.jix.gui.LicensePanel;com.wix.gui.utils.Translator
com.jix.gui.LicensePanel$1;com.jix.gui.LicensePanel
com.jix.gui.OtherOptionsPanel;com.jix.JixException
com.jix.gui.OtherOptionsPanel;com.jix.gui.InstallationWizard
com.jix.gui.OtherOptionsPanel;com.wix.gui.utils.JAdvancedPanel
com.jix.gui.OtherOptionsPanel;com.wix.gui.utils.Translator
com.jix.gui.PresentationPanel;com.jix.JixException
com.jix.gui.PresentationPanel;com.wix.gui.utils.JAdvancedPanel
com.jix.gui.PresentationPanel;com.wix.gui.utils.Translator
com.jix.gui.SelectInstallFolderPanel;com.jix.JixException
com.jix.gui.SelectInstallFolderPanel;com.jix.gui.InstallationWizard
com.jix.gui.SelectInstallFolderPanel;com.jix.gui.SelectInstallFolderPanel$1
com.jix.gui.SelectInstallFolderPanel;com.jix.gui.SelectInstallFolderPanel$2
com.jix.gui.SelectInstallFolderPanel;com.wix.gui.utils.JAdvancedPanel
com.jix.gui.SelectInstallFolderPanel;com.wix.gui.utils.Translator
com.jix.gui.SelectInstallFolderPanel$1;com.jix.JixException
com.jix.gui.SelectInstallFolderPanel$1;com.jix.gui.ErrorDetailsDialog
com.jix.gui.SelectInstallFolderPanel$1;com.jix.gui.SelectInstallFolderPanel
com.jix.gui.SelectInstallFolderPanel$2;com.jix.JixException
com.jix.gui.SelectInstallFolderPanel$2;com.jix.gui.ErrorDetailsDialog
com.jix.gui.SelectInstallFolderPanel$2;com.jix.gui.SelectInstallFolderPanel
com.jix.gui.SelectJavaPanel;com.jix.JixException
com.jix.gui.SelectJavaPanel;com.jix.gui.JavaChooser
com.jix.gui.SelectJavaPanel;com.jix.gui.SelectJavaPanel$1
com.jix.gui.SelectJavaPanel;com.jix.gui.SelectJavaPanel$2
com.jix.gui.SelectJavaPanel;com.wix.gui.utils.JAdvancedPanel
com.jix.gui.SelectJavaPanel;com.wix.gui.utils.Translator
com.jix.gui.SelectJavaPanel$1;com.jix.JixException
com.jix.gui.SelectJavaPanel$1;com.jix.gui.ErrorDetailsDialog
com.jix.gui.SelectJavaPanel$1;com.jix.gui.SelectJavaPanel
com.jix.gui.SelectJavaPanel$2;com.jix.JixException
com.jix.gui.SelectJavaPanel$2;com.jix.gui.ErrorDetailsDialog
com.jix.gui.SelectJavaPanel$2;com.jix.gui.SelectJavaPanel
com.jix.installer.WindowsInstallerExec;com.jix.JixException
com.wix.gui.utils.JAdvancedDialog;com.jix.JixException
com.wix.gui.utils.JAdvancedDialog;com.wix.gui.utils.JAdvancedDialog$1
com.wix.gui.utils.JAdvancedDialog;com.wix.gui.utils.JAdvancedDialog$2
com.wix.gui.utils.JAdvancedDialog;com.wix.gui.utils.JAdvancedDialog$3
com.wix.gui.utils.JAdvancedDialog;com.wix.gui.utils.JAdvancedDialog$4
com.wix.gui.utils.JAdvancedDialog;com.wix.gui.utils.JAdvancedPanel
com.wix.gui.utils.JAdvancedDialog;com.wix.gui.utils.Translator
com.wix.gui.utils.JAdvancedDialog;com.wix.gui.utils.ValidationEvent
com.wix.gui.utils.JAdvancedDialog;com.wix.gui.utils.ValidationListener
com.wix.gui.utils.JAdvancedDialog$1;com.jix.JixException
com.wix.gui.utils.JAdvancedDialog$1;com.jix.gui.ErrorDetailsDialog
com.wix.gui.utils.JAdvancedDialog$1;com.wix.gui.utils.JAdvancedDialog
com.wix.gui.utils.JAdvancedDialog$2;com.jix.JixException
com.wix.gui.utils.JAdvancedDialog$2;com.jix.gui.ErrorDetailsDialog
com.wix.gui.utils.JAdvancedDialog$2;com.wix.gui.utils.JAdvancedDialog
com.wix.gui.utils.JAdvancedDialog$3;com.jix.JixException
com.wix.gui.utils.JAdvancedDialog$3;com.jix.gui.ErrorDetailsDialog
com.wix.gui.utils.JAdvancedDialog$3;com.wix.gui.utils.JAdvancedDialog
com.wix.gui.utils.JAdvancedDialog$4;com.jix.JixException
com.wix.gui.utils.JAdvancedDialog$4;com.jix.gui.ErrorDetailsDialog
com.wix.gui.utils.JAdvancedDialog$4;com.wix.gui.utils.JAdvancedDialog
com.wix.gui.utils.JAdvancedPanel;com.wix.gui.utils.ValidationEvent
com.wix.gui.utils.JAdvancedPanel;com.wix.gui.utils.ValidationListener
com.wix.gui.utils.Translator;com.jix.JixException
com.wix.gui.utils.ValidationEvent;com.jix.gui.InstallProgressPanel
com.wix.gui.utils.ValidationEvent;com.wix.gui.utils.JAdvancedPanel
com.wix.gui.utils.ValidationListener;com.wix.gui.utils.ValidationEvent
