bierse.Bierse;bierse.controller.DefaultMenuController
bierse.Bierse;bierse.controller.DefaultTableModelController
bierse.Bierse;bierse.controller.DrinkSellController
bierse.Bierse;bierse.model.Model
bierse.Bierse;bierse.view.DefaultDrinkSellView
bierse.Bierse;bierse.view.DefaultInfoView
bierse.Bierse;bierse.view.IDrinkSellView
bierse.controller.DefaultMenuController;bierse.controller.DefaultSettingsController
bierse.controller.DefaultMenuController;bierse.model.Model
bierse.controller.DefaultMenuController;bierse.view.DefaultInfoView
bierse.controller.DefaultMenuController;bierse.view.DefaultSettingsView
bierse.controller.DefaultMenuController;bierse.view.IDrinkSellView
bierse.controller.DefaultMenuController;bierse.view.IDrinkSettingsView
bierse.controller.DefaultMenuController;bierse.view.ISettingsView
bierse.controller.DefaultSettingsController;bierse.model.Drink
bierse.controller.DefaultSettingsController;bierse.model.Model
bierse.controller.DefaultSettingsController;bierse.model.Settings
bierse.controller.DefaultSettingsController;bierse.view.IDrinkSettingsView
bierse.controller.DefaultSettingsController;bierse.view.ISettingsView
bierse.controller.DefaultTableModelController;bierse.model.Drink
bierse.controller.DefaultTableModelController;bierse.model.Model
bierse.controller.DefaultTableModelController;bierse.view.IDrinkSellView
bierse.controller.DrinkSellController;bierse.model.Drink
bierse.controller.DrinkSellController;bierse.model.Model
bierse.controller.DrinkSellController;bierse.view.IDrinkSellView
bierse.controller.TriggerThread;bierse.model.Model
bierse.controller.TriggerThread;bierse.model.Settings
bierse.model.Drink;bierse.model.Model
bierse.model.Drink;bierse.model.Settings
bierse.model.Model;bierse.controller.TriggerThread
bierse.model.Model;bierse.model.Drink
bierse.model.Model;bierse.model.Settings
bierse.model.Model;bierse.view.IModelChangedListener
bierse.model.Settings;bierse.model.Model
bierse.view.DefaultDrinkSellView;bierse.model.Drink
bierse.view.DefaultDrinkSellView;bierse.model.Model
bierse.view.DefaultDrinkSellView;bierse.view.DefaultDrinkSellView$1
bierse.view.DefaultDrinkSellView;bierse.view.DefaultDrinkSellView$2
bierse.view.DefaultDrinkSellView;bierse.view.IDrinkSellView
bierse.view.DefaultDrinkSellView;bierse.view.IModelChangedListener
bierse.view.DefaultDrinkSellView$1;bierse.view.DefaultDrinkSellView
bierse.view.DefaultDrinkSellView$2;bierse.view.DefaultDrinkSellView
bierse.view.DefaultInfoView;bierse.model.Drink
bierse.view.DefaultInfoView;bierse.model.Model
bierse.view.DefaultInfoView;bierse.model.Settings
bierse.view.DefaultInfoView;bierse.view.DefaultInfoView$1
bierse.view.DefaultInfoView;bierse.view.IModelChangedListener
bierse.view.DefaultInfoView;bierse.view.RunningMessagePanel
bierse.view.DefaultInfoView$1;bierse.view.DefaultInfoView
bierse.view.DefaultSettingsView;bierse.model.Drink
bierse.view.DefaultSettingsView;bierse.model.Model
bierse.view.DefaultSettingsView;bierse.model.Settings
bierse.view.DefaultSettingsView;bierse.view.IDrinkSettingsView
bierse.view.DefaultSettingsView;bierse.view.ISettingsView
bierse.view.DefaultSettingsView;bierse.view.KeyMapComboBoxModel
bierse.view.DefaultSettingsView;bierse.view.MyKeyMap
bierse.view.IDrinkSettingsView;bierse.model.Drink
bierse.view.KeyMapComboBoxModel;bierse.view.MyKeyMap
