bcry.battlecry;bcry.battlecryGUI
bcry.battlecry;bcry.bcGenerator
bcry.battlecry;bcry.bcModule
bcry.battlecry;bcry.bcVoice
bcry.battlecryGUI;bcry.battlecryGUI$1
bcry.battlecryGUI;bcry.battlecryGUI$2
bcry.battlecryGUI;bcry.battlecryGUI$3
bcry.battlecryGUI;bcry.bcDictionary
bcry.battlecryGUI;bcry.bcFileDialog
bcry.battlecryGUI;bcry.bcGenerator
bcry.battlecryGUI;bcry.bcModule
bcry.battlecryGUI;bcry.bcVoice
bcry.battlecryGUI$1;bcry.battlecryGUI
bcry.battlecryGUI$2;bcry.battlecryGUI
bcry.battlecryGUI$3;bcry.battlecryGUI
bcry.battlecryLive;bcry.battlecryGUI
bcry.battlecryLive;bcry.bcGenerator
bcry.battlecryLive;bcry.bcModule
bcry.battlecryLive;bcry.bcVoice
bcry.bcDemoModule;bcry.bcWordList
bcry.bcDictionary;bcry.bcVoice
bcry.bcFileDialog;bcry.bcFileDialog$MFileFilter
bcry.bcFileDialog$MFileFilter;bcry.bcFileDialog
bcry.bcGenerator;bcry.bcModule
bcry.bcGenerator;bcry.bcVoice
bcry.bcGenerator;bcry.bcWord
bcry.bcGenerator;bcry.bcWordList
bcry.bcModule;bcry.bcDemoModule
bcry.bcModule;bcry.bcDictionary
bcry.bcModule;bcry.bcVoice
bcry.bcModule;bcry.bcWord
bcry.bcModule;bcry.bcWordList
bcry.bcVoice;bcry.battlecryGUI
bcry.bcWordList;bcry.bcWord
