org.javathena.Main;org.javathena.core.utiles.Functions
org.javathena.Main;org.javathena.login.Login
org.javathena.core.data.Auth_data;org.javathena.core.utiles.Functions
org.javathena.core.data.IParse;org.javathena.core.data.Socket_data
org.javathena.core.data.Packet;org.javathena.core.utiles.Functions
org.javathena.core.data.ROCharacter;org.javathena.core.data.Friend
org.javathena.core.data.ROCharacter;org.javathena.core.data.Hotkey
org.javathena.core.data.ROCharacter;org.javathena.core.data.Item
org.javathena.core.data.ROCharacter;org.javathena.core.data.PersistenteData
org.javathena.core.data.ROCharacter;org.javathena.core.data.Point
org.javathena.core.data.ROCharacter;org.javathena.core.data.ROCharacter$JOB
org.javathena.core.data.ROCharacter;org.javathena.core.data.Skill
org.javathena.core.data.ROCharacter$JOB;org.javathena.core.data.ROCharacter$JOB[]
org.javathena.core.data.SessionType;org.javathena.core.data.SessionType[]
org.javathena.core.data.Socket_data;org.javathena.core.data.Excecutable
org.javathena.core.data.Socket_data;org.javathena.core.data.IParse
org.javathena.core.data.Socket_data;org.javathena.core.data.SessionType
org.javathena.core.data.Socket_data;org.javathena.core.utiles.Functions
org.javathena.core.net.IPacket;org.javathena.core.net.SessionPacket
org.javathena.core.utiles.ACO;org.javathena.core.utiles.ACO[]
org.javathena.core.utiles.Constants;org.javathena.core.utiles.Constants$BL
org.javathena.core.utiles.Constants$BL;org.javathena.core.utiles.Constants$BL[]
org.javathena.core.utiles.Constants$ELEMENT;org.javathena.core.utiles.Constants$ELEMENT[]
org.javathena.core.utiles.Constants$ITEM_GROUP;org.javathena.core.utiles.Constants$ITEM_GROUP[]
org.javathena.core.utiles.Constants$JOB;org.javathena.core.utiles.Constants$JOB[]
org.javathena.core.utiles.Constants$MAPID;org.javathena.core.utiles.Constants$MAPID[]
org.javathena.core.utiles.Constants$RACE;org.javathena.core.utiles.Constants$RACE[]
org.javathena.core.utiles.Constants$SUBTYPE;org.javathena.core.utiles.Constants$SUBTYPE[]
org.javathena.core.utiles.Functions;org.javathena.core.utiles.Constants
org.javathena.core.utiles.Functions;org.javathena.core.utiles.MultilanguageManagement
org.javathena.core.utiles.MultilanguageManagement;org.javathena.core.utiles.Constants
org.javathena.data.ATHENA_SERVER;org.javathena.data.ATHENA_SERVER[]
org.javathena.data.IDBManagementLogin;org.javathena.core.data.Auth_data
org.javathena.data.MySQLDBManagement;org.javathena.core.data.Auth_data
org.javathena.data.MySQLDBManagement;org.javathena.data.IDBManagementLogin
org.javathena.data.MySQLDBManagement;org.javathena.login.UserManagement
org.javathena.data.MySQLDBManagement;org.javathena.utiles.ConfigurationManagement
org.javathena.data.MySQLDBManagement;org.javathena.utiles.sql.MySQLConfig
org.javathena.data.TXTDBManagement;org.javathena.conf.LoginAthena
org.javathena.data.TXTDBManagement;org.javathena.core.data.Auth_data
org.javathena.data.TXTDBManagement;org.javathena.data.IDBManagementLogin
org.javathena.data.TXTDBManagement;org.javathena.login.Login
org.javathena.data.TXTDBManagement;org.javathena.login.UserManagement
org.javathena.data.TXTDBManagement;org.javathena.utiles.ConfigurationManagement
org.javathena.data.XMLDBManagementLogin;org.javathena.data.TXTDBManagement
org.javathena.data.XMLDBManagementLogin;org.javathena.login.Login
org.javathena.data.XMLDBManagementLogin;org.javathena.utiles.ConfigurationManagement
org.javathena.login.Login;org.javathena.conf.LoginAthena
org.javathena.login.Login;org.javathena.core.data.Auth_data
org.javathena.login.Login;org.javathena.core.data.Socket_data
org.javathena.login.Login;org.javathena.core.utiles.ACO
org.javathena.login.Login;org.javathena.core.utiles.Constants
org.javathena.login.Login;org.javathena.core.utiles.Functions
org.javathena.login.Login;org.javathena.core.utiles.MultilanguageManagement
org.javathena.login.Login;org.javathena.data.IDBManagementLogin
org.javathena.login.Login;org.javathena.data.MySQLDBManagement
org.javathena.login.Login;org.javathena.data.TXTDBManagement
org.javathena.login.Login;org.javathena.data.XMLDBManagementLogin
org.javathena.login.Login;org.javathena.login.Login$ConnectionListener
org.javathena.login.Login;org.javathena.login.Login$End
org.javathena.login.Login;org.javathena.login.Login$Timer_interval_check_auth_sync
org.javathena.login.Login;org.javathena.login.UserManagement
org.javathena.login.Login;org.javathena.utiles.ConfigurationManagement
org.javathena.login.Login;org.javathena.utiles.sql.MySQLConfig
org.javathena.login.Login$ConnectionListener;org.javathena.conf.LoginAthena
org.javathena.login.Login$ConnectionListener;org.javathena.core.data.IParse
org.javathena.login.Login$ConnectionListener;org.javathena.core.data.Socket_data
org.javathena.login.Login$ConnectionListener;org.javathena.login.Login
org.javathena.login.Login$ConnectionListener;org.javathena.login.UserManagement
org.javathena.login.Login$ConnectionListener;org.javathena.login.parse.FromClient
org.javathena.login.Login$ConnectionListener;org.javathena.utiles.ConfigurationManagement
org.javathena.login.Login$End;org.javathena.login.Login
org.javathena.login.Login$Timer_interval_check_auth_sync;org.javathena.login.Login
org.javathena.login.UserManagement;org.javathena.conf.LoginAthena
org.javathena.login.UserManagement;org.javathena.core.data.Auth_data
org.javathena.login.UserManagement;org.javathena.core.data.IParse
org.javathena.login.UserManagement;org.javathena.core.data.Socket_data
org.javathena.login.UserManagement;org.javathena.core.utiles.Constants
org.javathena.login.UserManagement;org.javathena.core.utiles.Functions
org.javathena.login.UserManagement;org.javathena.core.utiles.MultilanguageManagement
org.javathena.login.UserManagement;org.javathena.data.IDBManagementLogin
org.javathena.login.UserManagement;org.javathena.login.Login
org.javathena.login.UserManagement;org.javathena.login.parse.FromChar
org.javathena.login.UserManagement;org.javathena.login.sql.data.Auth_data_SQL
org.javathena.login.UserManagement;org.javathena.utiles.ConfigurationManagement
org.javathena.login.UserManagement;org.javathena.utiles.sql.MySQLConfig
org.javathena.login.parse.FromAdmin;org.javathena.core.data.IParse
org.javathena.login.parse.FromAdmin;org.javathena.core.data.Socket_data
org.javathena.login.parse.FromAdmin;org.javathena.core.utiles.Functions
org.javathena.login.parse.FromAdmin;org.javathena.data.IDBManagementLogin
org.javathena.login.parse.FromAdmin;org.javathena.login.Login
org.javathena.login.parse.FromAdmin;org.javathena.login.UserManagement
org.javathena.login.parse.FromChar;org.javathena.core.data.IParse
org.javathena.login.parse.FromChar;org.javathena.core.data.Socket_data
org.javathena.login.parse.FromChar;org.javathena.core.utiles.Functions
org.javathena.login.parse.FromChar;org.javathena.login.Login
org.javathena.login.parse.FromChar;org.javathena.login.UserManagement
org.javathena.login.parse.FromClient;org.javathena.conf.LoginAthena
org.javathena.login.parse.FromClient;org.javathena.core.data.IParse
org.javathena.login.parse.FromClient;org.javathena.core.data.Socket_data
org.javathena.login.parse.FromClient;org.javathena.core.utiles.Functions
org.javathena.login.parse.FromClient;org.javathena.data.IDBManagementLogin
org.javathena.login.parse.FromClient;org.javathena.login.Login
org.javathena.login.parse.FromClient;org.javathena.login.UserManagement
org.javathena.login.parse.FromClient;org.javathena.utiles.ConfigurationManagement
org.javathena.login.sql.data.Auth_data_SQL;org.javathena.core.data.Auth_data
org.javathena.login.sql.data.Auth_data_SQL;org.javathena.core.utiles.Functions
org.javathena.login.sql.data.Auth_data_SQL;org.javathena.login.UserManagement
org.javathena.login.sql.data.Auth_data_SQL;org.javathena.utiles.sql.MySQLConfig
org.javathena.utiles.ConfigurationManagement;org.javathena.conf.LoginAthena
org.javathena.utiles.ConfigurationManagement;org.javathena.core.utiles.ACO
org.javathena.utiles.ConfigurationManagement;org.javathena.core.utiles.Functions
org.javathena.utiles.ConfigurationManagement;org.javathena.core.utiles.MultilanguageManagement
org.javathena.utiles.sql.MySQLConfig;org.javathena.conf.LoginAthena
org.javathena.utiles.sql.MySQLConfig;org.javathena.core.utiles.Functions
org.javathena.utiles.sql.MySQLConfig;org.javathena.utiles.ConfigurationManagement
